Designator,Val,Package,Mid X,Mid Y,Rotation,Layer
"BZ1","Buzzer","BUZ-SMD_4P-L8.5-W8.5-P8.50-TL",150.550000,-85.930000,-135.000000,bottom
"C35","100nF","C_0402_1005Metric",127.380000,-67.000000,180.000000,bottom
"C68","10uF","C_0603_1608Metric",128.570000,-76.695000,90.000000,bottom
"C69","100nF","C_0402_1005Metric",126.500000,-76.990000,90.000000,bottom
"D4","1N4148W","D_SOD-123",155.020000,-81.490000,-45.000000,bottom
"Flash1","Flash","SW_Push_1P1T_XKB_TS-1187A",143.700000,-61.900000,0.000000,bottom
"J1","Conn_01x04_MountingPin","JST_SH_SM04B-SRSS-TB_1x04-1MP_P1.00mm_Horizontal",162.095000,-72.010000,90.000000,bottom
"J4","DM3AT-SF-PEJM5","HRS_DM3AT-SF-PEJM5_card",116.997500,-76.952500,90.000000,bottom
"J5","Conn_01x08_MountingPin","JST_SH_SM08B-SRSS-TB_1x08-1MP_P1.00mm_Horizontal",169.940000,-77.240000,-90.000000,bottom
"Q1","MMBT2222A","SOT-23",161.061161,-87.685336,45.000000,bottom
"R2","10K","R_0402_1005Metric",131.280000,-78.530000,-90.000000,bottom
"R6","1K","R_0402_1005Metric",156.810000,-88.430000,0.000000,bottom
"R53","10K","R_0402_1005Metric",120.790000,-68.320000,90.000000,bottom
"R68","10K","R_0402_1005Metric",114.630000,-85.280000,0.000000,bottom
"R69","10K","R_0402_1005Metric",121.849480,-68.320000,90.000000,bottom
"R70","10K","R_0402_1005Metric",119.729480,-68.320000,90.000000,bottom
"R71","10K","R_0402_1005Metric",118.670000,-68.320000,90.000000,bottom
"R72","10K","R_0402_1005Metric",122.909480,-68.320000,90.000000,bottom
"Reset2","Reset","SW_Push_1P1T_XKB_TS-1187A",135.460000,-61.910000,180.000000,bottom
"TP3","TestPoint","TestPoint_Pad_1.0x1.0mm",133.330000,-70.170000,180.000000,bottom
"TP4","TestPoint","TestPoint_Pad_1.0x1.0mm",131.280000,-70.170000,180.000000,bottom
"C3","2.2uF","C_0603_1608Metric",134.000000,-89.370000,180.000000,top
"C4","2.2uF","C_0603_1608Metric",137.660000,-75.640000,90.000000,top
"C5","33pF","C_0402_1005Metric",119.425000,-83.362500,180.000000,top
"C6","33pF","C_0402_1005Metric",119.425000,-76.212500,180.000000,top
"C7","10uF","C_0402_1005Metric",146.850000,-71.220000,-90.000000,top
"C8","10uF","C_0402_1005Metric",148.010000,-80.440000,-45.000000,top
"C9","10uF","C_0402_1005Metric",147.580000,-73.440000,-90.000000,top
"C14","100nF","C_0402_1005Metric",160.280000,-73.130000,-90.000000,top
"C15","100nF","C_0402_1005Metric",165.560000,-76.140000,-90.000000,top
"C16","100nF","C_0402_1005Metric",161.090000,-67.640000,-45.000000,top
"C21","10uF","C_0402_1005Metric",141.790000,-73.440000,-90.000000,top
"C22","10uF","C_0805_2012Metric",159.718249,-68.348249,-45.000000,top
"C23","10uF","C_0805_2012Metric",137.810000,-70.710000,-90.000000,top
"C24","10uF","C_0402_1005Metric",139.642500,-71.180000,90.000000,top
"C33","10uF","C_0603_1608Metric",165.960000,-71.620000,-90.000000,top
"C34","22uF","C_0805_2012Metric",156.310000,-74.620000,180.000000,top
"C36","22uF","C_0805_2012Metric",156.310000,-72.580000,180.000000,top
"C38","100nF","C_0402_1005Metric",144.460000,-75.000000,0.000000,top
"C41","100nF","C_0402_1005Metric",123.395000,-84.060000,-90.000000,top
"C42","100nF","C_0402_1005Metric",143.320000,-77.730000,0.000000,top
"C43","100nF","C_0402_1005Metric",140.530000,-74.990000,180.000000,top
"C44","100nF","C_0402_1005Metric",124.545000,-73.775000,-90.000000,top
"C45","100nF","C_0402_1005Metric",124.555000,-71.525000,90.000000,top
"C46","100nF","C_0402_1005Metric",123.380000,-77.100000,90.000000,top
"C47","100nF","C_0402_1005Metric",135.790000,-87.570000,-90.000000,top
"C48","100nF","C_0402_1005Metric",125.990000,-75.150000,90.000000,top
"C49","100nF","C_0402_1005Metric",135.830000,-75.570000,180.000000,top
"C50","100nF","C_0402_1005Metric",128.320000,-88.550000,0.000000,top
"C51","100nF","C_0402_1005Metric",142.830000,-73.440000,-90.000000,top
"C52","100nF","C_0402_1005Metric",140.662500,-71.180000,90.000000,top
"C53","100nF","C_0402_1005Metric",147.279411,-81.179411,-45.000000,top
"C54","100nF","C_0402_1005Metric",122.960000,-80.960000,180.000000,top
"C57","100nF","C_0402_1005Metric",166.785000,-80.420000,180.000000,top
"C62","100nF","C_0402_1005Metric",130.244758,-92.663170,-90.000000,top
"C63","100nF","C_0402_1005Metric",153.990000,-88.510000,0.000000,top
"C64","100nF","C_0402_1005Metric",130.810000,-61.000000,90.000000,top
"C65","100nF","C_0402_1005Metric",149.419411,-66.550589,45.000000,top
"D1","SMAJ33A","D_SMA",169.820000,-77.932500,-90.000000,top
"D2","SS14","D_SMA",150.922500,-70.740000,0.000000,top
"D3","SS14","D_SMA",150.320000,-76.120001,-90.000000,top
"J7","ELRS","PinSocket_1x04_P2.54mm_Vertical",123.560000,-87.260000,-90.000000,top
"J8","Conn_01x03_MountingPin","JST_SH_SM03B-SRSS-TB_1x03-1MP_P1.00mm_Horizontal",140.240000,-62.830000,180.000000,top
"J9","USB_C_Receptacle_USB2.0_14P","USB_C_Receptacle_HCTL_HC-TYPE-C-16P-01A",141.710000,-92.695000,0.000000,top
"J11","Conn_01x06_MountingPin","JST_SH_SM06B-SRSS-TB_1x06-1MP_P1.00mm_Horizontal",111.870000,-72.310000,-90.000000,top
"J13","Conn_01x04_MountingPin","JST_GH_SM04B-GHS-TB_1x04-1MP_P1.25mm_Horizontal",111.820000,-82.095000,-90.000000,top
"L1","6.8uH","IND-SMD_L6.0-W6.0_SWPA6045S",159.850000,-79.280000,180.000000,top
"LED1","~","LED-SMD_4P-L3.5-W3.5-TL_WS2812B",133.490000,-93.070000,0.000000,top
"LED2","~","LED-SMD_4P-L3.5-W3.5-TL_WS2812B",149.687500,-92.980000,180.000000,top
"LED3","~","LED-SMD_4P-L3.5-W3.5-TL_WS2812B",146.310000,-62.413817,180.000000,top
"LED4","~","LED-SMD_4P-L3.5-W3.5-TL_WS2812B",134.124592,-62.363000,0.000000,top
"R1","10K","R_0402_1005Metric",128.240000,-73.280000,0.000000,top
"R4","75K","R_0402_1005Metric",161.690000,-70.870000,180.000000,top
"R5","10K","R_0402_1005Metric",164.210000,-70.850000,0.000000,top
"R14","5.1K","R_0402_1005Metric",138.990000,-86.130000,0.000000,top
"R17","5.1K","R_0402_1005Metric",143.960000,-86.305000,-90.000000,top
"R29","330R","R_0402_1005Metric",138.270000,-81.540000,180.000000,top
"R54","2,2K","R_0402_1005Metric",121.560000,-69.980000,180.000000,top
"R55","2,2K","R_0402_1005Metric",121.050000,-71.490000,90.000000,top
"R61","10K","R_0402_1005Metric",165.390000,-79.180000,90.000000,top
"R62","1K","R_0402_1005Metric",165.390000,-81.570000,90.000000,top
"TP1","TestPoint","TestPoint_THTPad_D3.0mm_Drill1.5mm",169.180000,-70.510000,0.000000,top
"TP2","TestPoint","TestPoint_THTPad_D3.0mm_Drill1.5mm",169.120000,-84.290000,0.000000,top
"TP5","TestPoint","TestPoint_Pad_1.0x1.0mm",129.330000,-70.170000,-90.000000,top
"TP6","TestPoint","TestPoint_Pad_1.0x1.0mm",135.330000,-70.170000,-90.000000,top
"U1","STM32F407RGTx","LQFP-64_10x10mm_P0.5mm",130.595000,-81.330000,0.000000,top
"U2","DPS310XTSA1","XDCR_DPS310XTSA1",122.795000,-72.325000,180.000000,top
"U3","RASPBERRY_PI_ZERO_2_W","RpiZero2W_Redukce_Final",138.820000,-73.230000,0.000000,top
"U4","TPS54302","SOT-23-6",162.457500,-73.600000,90.000000,top
"U5","USBLC6-2SC6","SOT-23-6",141.710000,-85.515000,-90.000000,top
"U8","BMI270","XDCR_BMI270",140.820000,-77.230000,90.000000,top
"U9","MIC5353-3.3YMT","MLF-6-1EP_1.6x1.6mm_P0.5mm_EP0.5x1.26mm",144.780000,-73.460000,180.000000,top
"U10","XC6220B331MR","SOT-23-5",143.212500,-70.710000,180.000000,top
"Y2","8MHz","Crystal_SMD_5032-2Pin_5.0x3.2mm",119.910000,-79.780000,90.000000,top
